timestamp,iteration,elapsed_time,iteration_time
15:27:27.400337,1,0.000827,0.000552
15:27:27.411098,2,0.011588,0.000455
15:27:27.421905,3,0.022395,0.000487
15:27:27.432569,4,0.033058,0.000320
15:27:27.443166,5,0.043655,0.000295
15:27:27.453924,6,0.054414,0.000443
15:27:27.464891,7,0.065381,0.000528
15:27:27.475756,8,0.076246,0.000605
15:27:27.486799,9,0.087288,0.000746
15:27:27.498505,10,0.098994,0.001402
15:27:27.510883,11,0.111372,0.001784
15:27:27.523152,12,0.123641,0.001897
15:27:27.534914,13,0.135404,0.001212
15:27:27.546227,14,0.146717,0.000990
15:27:27.558358,15,0.158848,0.001826
15:27:27.569309,16,0.169799,0.000438
15:27:27.579941,17,0.180431,0.000431
15:27:27.590893,18,0.191383,0.000686
15:27:27.603092,19,0.203582,0.001856
15:27:27.615163,20,0.215652,0.001689
15:27:27.627859,21,0.228348,0.001811
15:27:27.638633,22,0.239123,0.000539
15:27:27.649817,23,0.250307,0.000863
15:27:27.660933,24,0.261423,0.000856
15:27:27.671706,25,0.272196,0.000472
15:27:27.682552,26,0.283041,0.000604
15:27:27.693312,27,0.293802,0.000555
15:27:27.704045,28,0.304534,0.000544
15:27:27.715558,29,0.316047,0.001307
15:27:27.726562,30,0.327052,0.000620
15:27:27.737360,31,0.337849,0.000531
15:27:27.748099,32,0.348588,0.000528
15:27:27.758861,33,0.359350,0.000555
15:27:27.770489,34,0.370979,0.001351
15:27:27.782558,35,0.383048,0.001335
15:27:27.794382,36,0.394871,0.001245
15:27:27.806233,37,0.406723,0.001251
15:27:27.818154,38,0.418643,0.001315
15:27:27.829991,39,0.430480,0.001227
15:27:27.842046,40,0.442535,0.001285
15:27:27.854643,41,0.455132,0.001725
15:27:27.866301,42,0.466790,0.001235
15:27:27.878808,43,0.479297,0.001813
15:27:27.891474,44,0.491963,0.002121
15:27:27.904155,45,0.504645,0.002155
15:27:27.917357,46,0.517847,0.002476
15:27:27.930782,47,0.531271,0.002166
15:27:27.942800,48,0.543290,0.001291
15:27:27.955601,49,0.556091,0.002068
15:27:27.968113,50,0.568603,0.001841
15:27:27.979981,51,0.580471,0.001336
15:27:27.992002,52,0.592491,0.001313
15:27:28.004225,53,0.604714,0.001638
15:27:28.016030,54,0.616519,0.001216
15:27:28.027976,55,0.628465,0.001325
15:27:28.039880,56,0.640370,0.001321
15:27:28.052592,57,0.653081,0.002114
15:27:28.064822,58,0.665312,0.001854
15:27:28.077068,59,0.677557,0.001673
15:27:28.089163,60,0.689652,0.001305
15:27:28.101228,61,0.701718,0.001254
15:27:28.113212,62,0.713701,0.001246
15:27:28.125178,63,0.725667,0.001251
15:27:28.137025,64,0.737514,0.001223
15:27:28.149337,65,0.749826,0.001726
15:27:28.161520,66,0.762010,0.001563
15:27:28.174197,67,0.774687,0.002069
15:27:28.186007,68,0.786497,0.001342
15:27:28.197988,69,0.798478,0.001324
15:27:28.210304,70,0.810794,0.001633
15:27:28.222309,71,0.822798,0.001321
15:27:28.234534,72,0.835023,0.001642
15:27:28.246026,73,0.846515,0.001020
15:27:28.256805,74,0.857295,0.000488
15:27:28.268093,75,0.868582,0.000597
15:27:28.280533,76,0.881022,0.001870
15:27:28.292835,77,0.893325,0.001609
15:27:28.303916,78,0.904406,0.000532
15:27:28.315099,79,0.915589,0.000534
15:27:28.326756,80,0.927246,0.001019
15:27:28.338792,81,0.939281,0.000928
15:27:28.350451,82,0.950941,0.001003
15:27:28.362855,83,0.963345,0.001715
15:27:28.375459,84,0.975949,0.001910
15:27:28.387866,85,0.988356,0.001618
15:27:28.398895,86,0.999384,0.000446
15:27:28.409444,87,1.009933,0.000316
15:27:28.420428,88,1.020918,0.000480
15:27:28.431565,89,1.032055,0.000548
15:27:28.442867,90,1.043357,0.000541
15:27:28.454986,91,1.055475,0.001276
15:27:28.467654,92,1.068144,0.001354
15:27:28.479516,93,1.080006,0.001285
15:27:28.491497,94,1.091986,0.001292
15:27:28.503395,95,1.103884,0.001267
15:27:28.515465,96,1.115954,0.001375
15:27:28.528100,97,1.128590,0.001830
15:27:28.540849,98,1.141339,0.001743
15:27:28.553246,99,1.153736,0.001870
15:27:28.565470,100,1.165960,0.001706
15:27:28.577132,101,1.177622,0.000924
15:27:28.589370,102,1.189860,0.001670
15:27:28.601279,103,1.201769,0.001282
15:27:28.614325,104,1.214814,0.002399
15:27:28.625611,105,1.226100,0.000712
15:27:28.636327,106,1.236816,0.000505
15:27:28.648636,107,1.249125,0.001746
15:27:28.660121,108,1.260611,0.000481
15:27:28.670900,109,1.271389,0.000330
15:27:28.681674,110,1.282164,0.000327
15:27:28.692635,111,1.293124,0.000385
15:27:28.703615,112,1.304105,0.000525
15:27:28.714570,113,1.315059,0.000410
15:27:28.726056,114,1.326545,0.000761
15:27:28.737042,115,1.337532,0.000410
15:27:28.747997,116,1.348487,0.000440
15:27:28.759787,117,1.360276,0.001306
15:27:28.772022,118,1.372511,0.001274
15:27:28.784248,119,1.384737,0.001337
15:27:28.796111,120,1.396600,0.001316
15:27:28.808892,121,1.409381,0.001864
15:27:28.821733,122,1.422223,0.001943
15:27:28.834378,123,1.434867,0.001712
15:27:28.846694,124,1.447184,0.001368
15:27:28.858927,125,1.459417,0.001349
15:27:28.870914,126,1.471404,0.001362
15:27:28.883136,127,1.483626,0.001322
15:27:28.895076,128,1.495566,0.001346
15:27:28.907674,129,1.508163,0.001722
15:27:28.919857,130,1.520346,0.001551
15:27:28.932169,131,1.532659,0.001741
15:27:28.944221,132,1.544711,0.001366
15:27:28.956387,133,1.556876,0.001303
15:27:28.968508,134,1.568997,0.001318
15:27:28.980532,135,1.581022,0.001286
15:27:28.992599,136,1.593089,0.001348
15:27:29.004600,137,1.605089,0.001351
15:27:29.016590,138,1.617079,0.001306
15:27:29.028556,139,1.629045,0.001328
15:27:29.040604,140,1.641093,0.001339
15:27:29.052695,141,1.653184,0.001331
15:27:29.064739,142,1.665229,0.001316
15:27:29.076936,143,1.677425,0.001325
15:27:29.089117,144,1.689606,0.001347
15:27:29.101202,145,1.701691,0.001310
15:27:29.113257,146,1.713747,0.001305
15:27:29.125228,147,1.725718,0.001249
15:27:29.137322,148,1.737812,0.001322
15:27:29.149748,149,1.750237,0.001704
15:27:29.161881,150,1.762371,0.001310
15:27:29.173980,151,1.774470,0.001312
15:27:29.186928,152,1.787418,0.002158
15:27:29.198837,153,1.799327,0.001312
15:27:29.211090,154,1.811579,0.001369
15:27:29.224008,155,1.824497,0.002350
15:27:29.236546,156,1.837035,0.002007
15:27:29.248645,157,1.849134,0.001279
15:27:29.260754,158,1.861243,0.001308
15:27:29.272969,159,1.873458,0.001653
15:27:29.285891,160,1.886380,0.001736
15:27:29.298356,161,1.898845,0.001806
15:27:29.310904,162,1.911393,0.001709
15:27:29.321968,163,1.922457,0.000501
15:27:29.334070,164,1.934560,0.001325
15:27:29.346019,165,1.946508,0.001358
15:27:29.358774,166,1.959264,0.001851
15:27:29.371498,167,1.971987,0.001597
15:27:29.383873,168,1.984363,0.001549
15:27:29.396259,169,1.996748,0.001795
15:27:29.408327,170,2.008816,0.001571
15:27:29.419109,171,2.019598,0.000515
15:27:29.430274,172,2.030764,0.000798
15:27:29.441654,173,2.042144,0.000848
15:27:29.453690,174,2.054179,0.001044
15:27:29.466000,175,2.066489,0.001807
15:27:29.478234,176,2.078723,0.001861
15:27:29.490586,177,2.091075,0.001889
15:27:29.502671,178,2.103161,0.001691
15:27:29.515057,179,2.115546,0.001889
15:27:29.527529,180,2.128018,0.002026
15:27:29.539474,181,2.139964,0.001410
15:27:29.552066,182,2.152555,0.001846
15:27:29.565221,183,2.165710,0.001880
15:27:29.576381,184,2.176871,0.000593
15:27:29.588246,185,2.188735,0.001624
15:27:29.600677,186,2.201166,0.001681
15:27:29.614052,187,2.214541,0.001616
15:27:29.625073,188,2.225563,0.000388
15:27:29.635915,189,2.236404,0.000507
15:27:29.646603,190,2.247092,0.000358
15:27:29.657479,191,2.257968,0.000306
15:27:29.668356,192,2.268846,0.000377
15:27:29.679210,193,2.279700,0.000388
15:27:29.690257,194,2.290746,0.000537
15:27:29.701536,195,2.302026,0.000717
15:27:29.712677,196,2.313167,0.000576
15:27:29.723767,197,2.324257,0.000551
15:27:29.735575,198,2.336065,0.001248
15:27:29.747720,199,2.348209,0.001528
15:27:29.759665,200,2.360155,0.001322
15:27:29.772305,201,2.372795,0.001830
15:27:29.784250,202,2.384740,0.001243
15:27:29.795439,203,2.395928,0.000572
15:27:29.806519,204,2.407009,0.000585
15:27:29.817562,205,2.418051,0.000549
15:27:29.829292,206,2.429781,0.001246
15:27:29.841418,207,2.441908,0.001259
15:27:29.853743,208,2.454232,0.001457
15:27:29.865993,209,2.466483,0.001292
15:27:29.878079,210,2.478569,0.001242
15:27:29.890286,211,2.490776,0.001276
15:27:29.903145,212,2.503634,0.002033
15:27:29.915558,213,2.516047,0.001988
15:27:29.928574,214,2.529063,0.001974
15:27:29.940484,215,2.540973,0.001337
15:27:29.952816,216,2.553305,0.001836
15:27:29.964708,217,2.565197,0.001340
15:27:29.976591,218,2.577080,0.001327
15:27:29.988970,219,2.589460,0.001780
15:27:30.000684,220,2.601173,0.001241
15:27:30.012487,221,2.612977,0.001302
15:27:30.024985,222,2.625474,0.001615
15:27:30.037151,223,2.637640,0.001669
15:27:30.049472,224,2.649961,0.001801
15:27:30.061903,225,2.662393,0.001945
15:27:30.074543,226,2.675033,0.002024
15:27:30.087172,227,2.687662,0.002047
15:27:30.099107,228,2.699597,0.001355
15:27:30.111332,229,2.711822,0.001662
15:27:30.123409,230,2.723899,0.001532
15:27:30.135483,231,2.735973,0.001441
15:27:30.147397,232,2.747887,0.001371
15:27:30.159370,233,2.759860,0.001372
15:27:30.171466,234,2.771955,0.001262
15:27:30.183700,235,2.784189,0.001366
15:27:30.195760,236,2.796250,0.001291
15:27:30.208271,237,2.808761,0.001740
15:27:30.220446,238,2.820935,0.001364
15:27:30.232636,239,2.833126,0.001288
15:27:30.245558,240,2.846048,0.002079
15:27:30.258079,241,2.858568,0.001739
15:27:30.270545,242,2.871034,0.001959
15:27:30.283787,243,2.884276,0.001539
15:27:30.296051,244,2.896541,0.001586
15:27:30.307975,245,2.908464,0.001349
15:27:30.319859,246,2.920349,0.001334
15:27:30.331631,247,2.932121,0.001241
15:27:30.343410,248,2.943899,0.001274
15:27:30.356281,249,2.956771,0.002266
15:27:30.368685,250,2.969175,0.001793
15:27:30.381268,251,2.981758,0.001757
15:27:30.393673,252,2.994163,0.001678
15:27:30.406208,253,3.006698,0.001586
15:27:30.417850,254,3.018339,0.000968
15:27:30.429568,255,3.030057,0.001509
15:27:30.441428,256,3.041918,0.001384
15:27:30.452689,257,3.053179,0.000843
15:27:30.463892,258,3.064382,0.000971
15:27:30.475923,259,3.076412,0.001737
15:27:30.487766,260,3.088255,0.001397
15:27:30.499711,261,3.100201,0.001338
15:27:30.512152,262,3.112642,0.001887
15:27:30.534610,263,3.135099,0.001413
15:27:30.546713,264,3.147202,0.001434
15:27:30.559847,265,3.160336,0.001817
15:27:30.571981,266,3.172471,0.000469
15:27:30.582981,267,3.183470,0.000787
15:27:30.594132,268,3.194622,0.000865
15:27:30.606225,269,3.206714,0.001660
15:27:30.617533,270,3.218023,0.000630
15:27:30.628401,271,3.228891,0.000509
15:27:30.639203,272,3.239692,0.000452
15:27:30.650319,273,3.250808,0.000520
15:27:30.661190,274,3.261680,0.000501
15:27:30.672249,275,3.272738,0.000434
15:27:30.683160,276,3.283649,0.000640
15:27:30.694228,277,3.294718,0.000652
15:27:30.705377,278,3.305866,0.000652
15:27:30.716324,279,3.316813,0.000526
15:27:30.727135,280,3.327625,0.000404
15:27:30.737901,281,3.338391,0.000416
15:27:30.748641,282,3.349130,0.000416
15:27:30.759727,283,3.360216,0.000423
15:27:30.770584,284,3.371073,0.000588
15:27:30.781806,285,3.382296,0.000883
15:27:30.792982,286,3.393471,0.000847
15:27:30.804105,287,3.404595,0.000838
15:27:30.816052,288,3.416542,0.001653
15:27:30.828102,289,3.428591,0.001612
15:27:30.840729,290,3.441219,0.001851
15:27:30.853018,291,3.453507,0.001688
15:27:30.865556,292,3.466046,0.001909
15:27:30.877878,293,3.478368,0.001844
15:27:30.890104,294,3.490593,0.001683
15:27:30.901596,295,3.502085,0.000818
15:27:30.913714,296,3.514204,0.001786
15:27:30.926033,297,3.526523,0.001246
15:27:30.938760,298,3.539250,0.002317
15:27:30.951364,299,3.551853,0.002057
15:27:30.963567,300,3.564057,0.001700
15:27:30.976186,301,3.576675,0.001937
15:27:30.988687,302,3.589177,0.001820
15:27:31.001008,303,3.601497,0.001880
15:27:31.013093,304,3.613583,0.001707
15:27:31.025342,305,3.625832,0.001876
15:27:31.038847,306,3.639337,0.002165
15:27:31.051253,307,3.651742,0.001971
15:27:31.062294,308,3.662784,0.000648
15:27:31.073373,309,3.673862,0.000802
15:27:31.084655,310,3.685144,0.000709
15:27:31.095428,311,3.695918,0.000545
15:27:31.106225,312,3.706714,0.000540
15:27:31.116914,313,3.717403,0.000458
15:27:31.127629,314,3.728119,0.000476
15:27:31.138698,315,3.739187,0.000751
15:27:31.149885,316,3.750375,0.000876
15:27:31.161853,317,3.762342,0.001601
15:27:31.174297,318,3.774786,0.001893
15:27:31.186465,319,3.786955,0.001648
15:27:31.198275,320,3.798764,0.001378
15:27:31.210200,321,3.810689,0.001338
15:27:31.222598,322,3.823087,0.001821
15:27:31.235043,323,3.835532,0.001248
15:27:31.247268,324,3.847758,0.001597
15:27:31.259078,325,3.859567,0.001317
15:27:31.271214,326,3.871703,0.001368
15:27:31.283179,327,3.883668,0.001349
15:27:31.296137,328,3.896626,0.002330
15:27:31.308384,329,3.908874,0.001776
15:27:31.319521,330,3.920011,0.000599
15:27:31.331231,331,3.931720,0.001344
15:27:31.343246,332,3.943736,0.001344
15:27:31.355479,333,3.955969,0.001499
15:27:31.368112,334,3.968601,0.001380
15:27:31.379868,335,3.980358,0.001239
15:27:31.391659,336,3.992148,0.001329
15:27:31.404026,337,4.004516,0.001858
15:27:31.415106,338,4.015595,0.000510
15:27:31.425988,339,4.026478,0.000559
15:27:31.437081,340,4.037570,0.000771
15:27:31.448827,341,4.049316,0.000900
15:27:31.461532,342,4.062021,0.002187
15:27:31.473918,343,4.074408,0.001892
15:27:31.485759,344,4.086249,0.001323
15:27:31.499011,345,4.099501,0.002023
15:27:31.511630,346,4.112119,0.001774
15:27:31.524703,347,4.125192,0.002208
15:27:31.537306,348,4.137795,0.002090
15:27:31.550493,349,4.150982,0.002578
15:27:31.563298,350,4.163788,0.002205
15:27:31.576031,351,4.176521,0.002098
15:27:31.587126,352,4.187616,0.000620
15:27:31.598113,353,4.198602,0.000554
15:27:31.609225,354,4.209715,0.000692
15:27:31.620481,355,4.220971,0.000562
15:27:31.631364,356,4.231853,0.000679
15:27:31.642075,357,4.242564,0.000534
15:27:31.652942,358,4.253432,0.000557
15:27:31.663805,359,4.264294,0.000503
15:27:31.675107,360,4.275596,0.000941
15:27:31.686453,361,4.286942,0.000750
15:27:31.697680,362,4.298170,0.000648
15:27:31.708821,363,4.309310,0.000642
15:27:31.719830,364,4.320320,0.000549
15:27:31.730815,365,4.331305,0.000538
15:27:31.741786,366,4.342275,0.000509
15:27:31.752765,367,4.353255,0.000536
15:27:31.764224,368,4.364713,0.000988
15:27:31.775553,369,4.376043,0.000607
15:27:31.786833,370,4.387322,0.000593
15:27:31.798980,371,4.399470,0.001321
15:27:31.811330,372,4.411819,0.002010
15:27:31.824399,373,4.424889,0.001837
15:27:31.837126,374,4.437615,0.001907
15:27:31.849786,375,4.450276,0.001807
15:27:31.862349,376,4.462839,0.001867
15:27:31.875349,377,4.475839,0.001309
15:27:31.888470,378,4.488960,0.002216
15:27:31.900029,379,4.500519,0.000892
15:27:31.912302,380,4.512792,0.001922
15:27:31.924453,381,4.524943,0.001387
15:27:31.936410,382,4.536900,0.001383
15:27:31.948230,383,4.548720,0.001319
15:27:31.960035,384,4.560524,0.001318
15:27:31.972388,385,4.572878,0.001912
15:27:31.984546,386,4.585036,0.001563
15:27:31.996398,387,4.596888,0.001290
15:27:32.008141,388,4.608630,0.001259
15:27:32.019875,389,4.620364,0.001227
15:27:32.032116,390,4.632606,0.001759
15:27:32.044514,391,4.645004,0.001274
15:27:32.056214,392,4.656703,0.001192
15:27:32.068042,393,4.668532,0.001271
15:27:32.079871,394,4.680361,0.001194
15:27:32.091773,395,4.692263,0.001332
15:27:32.103707,396,4.704196,0.001454
15:27:32.116166,397,4.716655,0.001098
15:27:32.127865,398,4.728354,0.001349
15:27:32.140542,399,4.741032,0.002098
15:27:32.152365,400,4.752855,0.001287
15:27:32.164331,401,4.764821,0.001352
15:27:32.176213,402,4.776702,0.001328
15:27:32.187958,403,4.788447,0.001267
15:27:32.200426,404,4.800915,0.001973
15:27:32.212186,405,4.812675,0.001207
15:27:32.224989,406,4.825479,0.002247
15:27:32.236877,407,4.837367,0.001388
15:27:32.248935,408,4.849425,0.001370
15:27:32.260807,409,4.861297,0.001272
15:27:32.272644,410,4.873134,0.001302
15:27:32.284507,411,4.884997,0.001306
15:27:32.296390,412,4.896879,0.001274
15:27:32.308361,413,4.908850,0.001353
15:27:32.320631,414,4.921121,0.001697
15:27:32.332453,415,4.932943,0.001255
15:27:32.344398,416,4.944887,0.001391
15:27:32.356312,417,4.956801,0.001313
15:27:32.368278,418,4.968767,0.001315
15:27:32.380705,419,4.981194,0.001802
15:27:32.393058,420,4.993547,0.001816
15:27:32.406543,421,5.007032,0.002276
15:27:32.418131,422,5.018620,0.001006
15:27:32.428945,423,5.029434,0.000610
15:27:32.440180,424,5.040669,0.000965
15:27:32.451483,425,5.051972,0.001003
15:27:32.463469,426,5.063959,0.001730
15:27:32.474764,427,5.075253,0.000699
15:27:32.486963,428,5.087452,0.001453
15:27:32.498956,429,5.099446,0.001291
15:27:32.511694,430,5.112184,0.002017
15:27:32.524710,431,5.125200,0.001512
15:27:32.537175,432,5.137665,0.001792
15:27:32.550033,433,5.150522,0.001931
15:27:32.562483,434,5.162972,0.001655
15:27:32.574897,435,5.175386,0.001739
15:27:32.586003,436,5.186492,0.000556
15:27:32.598586,437,5.199075,0.002245
15:27:32.611438,438,5.211927,0.001958
15:27:32.623097,439,5.223587,0.001077
15:27:32.636665,440,5.237154,0.002405
15:27:32.649055,441,5.249545,0.001754
15:27:32.662689,442,5.263179,0.002113
15:27:32.673913,443,5.274403,0.000682
15:27:32.684686,444,5.285176,0.000557
15:27:32.695666,445,5.296155,0.000545
15:27:32.706496,446,5.306986,0.000578
15:27:32.717268,447,5.317758,0.000581
15:27:32.727998,448,5.328488,0.000549
15:27:32.738878,449,5.339367,0.000704
15:27:32.749902,450,5.350392,0.000769
15:27:32.760875,451,5.361365,0.000739
15:27:32.771899,452,5.372389,0.000819
15:27:32.782787,453,5.383276,0.000658
15:27:32.793972,454,5.394461,0.001005
15:27:32.805834,455,5.406323,0.001530
15:27:32.817260,456,5.417750,0.001097
15:27:32.828682,457,5.429172,0.001076
15:27:32.841384,458,5.441874,0.002052
15:27:32.853775,459,5.454265,0.001719
15:27:32.866159,460,5.466649,0.001306
15:27:32.877999,461,5.478488,0.001267
15:27:32.889915,462,5.490405,0.001365
15:27:32.902069,463,5.502558,0.001275
15:27:32.914285,464,5.514775,0.001269
15:27:32.926317,465,5.526807,0.001359
15:27:32.938205,466,5.538694,0.001323
15:27:32.950618,467,5.551107,0.001860
15:27:32.962553,468,5.563043,0.001017
15:27:32.974929,469,5.575418,0.001873
15:27:32.987550,470,5.588039,0.001756
15:27:32.999639,471,5.600129,0.001477
15:27:33.012161,472,5.612650,0.001238
15:27:33.023941,473,5.624430,0.001216
15:27:33.036226,474,5.636716,0.001487
15:27:33.048269,475,5.648759,0.001191
15:27:33.061218,476,5.661708,0.002308
15:27:33.073800,477,5.674289,0.002099
15:27:33.086708,478,5.687197,0.002303
15:27:33.099390,479,5.699880,0.002120
15:27:33.112521,480,5.713011,0.001633
15:27:33.124452,481,5.724941,0.001256
15:27:33.136403,482,5.736892,0.001367
15:27:33.148230,483,5.748719,0.001238
15:27:33.160104,484,5.760594,0.001314
15:27:33.172097,485,5.772587,0.001204
15:27:33.184134,486,5.784623,0.001224
15:27:33.196147,487,5.796637,0.001204
15:27:33.208085,488,5.808574,0.001180
15:27:33.220051,489,5.820540,0.001241
15:27:33.232589,490,5.833078,0.001785
15:27:33.245352,491,5.845842,0.001821
15:27:33.257749,492,5.858238,0.001331
15:27:33.270148,493,5.870637,0.001816
15:27:33.283158,494,5.883647,0.001981
15:27:33.296052,495,5.896542,0.001877
15:27:33.308660,496,5.909149,0.001897
15:27:33.321322,497,5.921812,0.001354
15:27:33.333355,498,5.933845,0.001319
15:27:33.345762,499,5.946252,0.001702
15:27:33.358136,500,5.958626,0.001300
15:27:33.370091,501,5.970581,0.001297
15:27:33.382013,502,5.982502,0.001307
15:27:33.393906,503,5.994395,0.001331
15:27:33.406296,504,6.006785,0.001824
15:27:33.418719,505,6.019208,0.001763
15:27:33.429675,506,6.030164,0.000313
15:27:33.440377,507,6.040867,0.000459
15:27:33.451169,508,6.051659,0.000476
15:27:33.461991,509,6.062480,0.000485
15:27:33.473537,510,6.074027,0.001195
15:27:33.485821,511,6.086310,0.001712
15:27:33.498915,512,6.099405,0.001844
15:27:33.511920,513,6.112410,0.001826
15:27:33.524933,514,6.125422,0.002124
15:27:33.538114,515,6.138603,0.002637
15:27:33.550985,516,6.151474,0.001887
15:27:33.563751,517,6.164241,0.001903
15:27:33.575212,518,6.175701,0.000766
15:27:33.586476,519,6.186965,0.001044
15:27:33.598887,520,6.199377,0.001909
15:27:33.611565,521,6.212054,0.002122
15:27:33.624227,522,6.224716,0.001838
15:27:33.635270,523,6.235759,0.000518
15:27:33.646640,524,6.247129,0.000878
15:27:33.658936,525,6.259425,0.001735
15:27:33.670003,526,6.270493,0.000467
15:27:33.680577,527,6.281066,0.000348
15:27:33.691237,528,6.291727,0.000288
15:27:33.701881,529,6.302371,0.000297
15:27:33.712538,530,6.313028,0.000299
15:27:33.723329,531,6.323818,0.000443
15:27:33.734108,532,6.334598,0.000451
15:27:33.745529,533,6.346019,0.000769
15:27:33.757086,534,6.357575,0.000850
15:27:33.768371,535,6.368860,0.000817
15:27:33.780808,536,6.381298,0.001894
15:27:33.793467,537,6.393957,0.001841
15:27:33.806318,538,6.406808,0.001957
15:27:33.819485,539,6.419975,0.002376
15:27:33.831964,540,6.432453,0.001852
15:27:33.845488,541,6.445977,0.002360
15:27:33.858057,542,6.458546,0.001865
15:27:33.871283,543,6.471772,0.002018
15:27:33.883641,544,6.484130,0.001620
15:27:33.896014,545,6.496504,0.001665
15:27:33.908051,546,6.508540,0.001361
15:27:33.920173,547,6.520663,0.001556
15:27:33.931796,548,6.532285,0.000682
15:27:33.944087,549,6.544576,0.001574
15:27:33.956490,550,6.556979,0.001884
15:27:33.968981,551,6.569470,0.001581
15:27:33.981039,552,6.581528,0.001386
15:27:33.993366,553,6.593856,0.001725
15:27:34.005542,554,6.606032,0.001339
15:27:34.017386,555,6.617876,0.001189
15:27:34.029266,556,6.629755,0.001229
15:27:34.041196,557,6.641685,0.001321
15:27:34.054059,558,6.654549,0.002166
15:27:34.065130,559,6.665620,0.000518
15:27:34.076066,560,6.676555,0.000602
15:27:34.087215,561,6.687705,0.000497
15:27:34.098026,562,6.698515,0.000529
15:27:34.109632,563,6.710121,0.001339
15:27:34.121390,564,6.721879,0.001303
15:27:34.133560,565,6.734050,0.001315
15:27:34.146133,566,6.746623,0.001708
15:27:34.158566,567,6.759056,0.001457
15:27:34.171483,568,6.771972,0.001967
15:27:34.183723,569,6.784213,0.001389
15:27:34.196274,570,6.796763,0.001584
15:27:34.208264,571,6.808753,0.001234
15:27:34.220366,572,6.820855,0.001284
15:27:34.232377,573,6.832866,0.001234
15:27:34.244429,574,6.844918,0.001240
15:27:34.257157,575,6.857646,0.001923
15:27:34.269901,576,6.870390,0.001853
15:27:34.282624,577,6.883113,0.001816
15:27:34.295000,578,6.895489,0.001607
15:27:34.306858,579,6.907347,0.001308
15:27:34.319130,580,6.919620,0.001423
15:27:34.331341,581,6.931830,0.001590
15:27:34.343369,582,6.943858,0.001425
15:27:34.355233,583,6.955723,0.001305
15:27:34.367830,584,6.968319,0.002048
15:27:34.380259,585,6.980748,0.001492
15:27:34.392466,586,6.992955,0.001259
15:27:34.404622,587,7.005111,0.001329
15:27:34.417062,588,7.017552,0.001709
15:27:34.428749,589,7.029238,0.001242
15:27:34.439249,590,7.039739,0.000303
15:27:34.449919,591,7.050409,0.000477
15:27:34.460675,592,7.061164,0.000538
15:27:34.472192,593,7.072681,0.001265
15:27:34.485084,594,7.085573,0.002180
15:27:34.497351,595,7.097841,0.001798
15:27:34.510302,596,7.110791,0.002404
15:27:34.522808,597,7.123297,0.001941
15:27:34.535388,598,7.135878,0.001736
15:27:34.548078,599,7.148567,0.002144
15:27:34.560774,600,7.161263,0.002074
15:27:34.573112,601,7.173601,0.001756
15:27:34.585172,602,7.185662,0.000496
15:27:34.596621,603,7.197111,0.000912
15:27:34.607791,604,7.208281,0.000869
15:27:34.619894,605,7.220383,0.001603
15:27:34.631103,606,7.231593,0.000581
15:27:34.643367,607,7.243856,0.001957
15:27:34.654663,608,7.255152,0.000723
15:27:34.666758,609,7.267247,0.001812
15:27:34.678029,610,7.278518,0.000630
15:27:34.689014,611,7.289504,0.000643
15:27:34.700088,612,7.300577,0.000651
15:27:34.710958,613,7.311447,0.000646
15:27:34.722263,614,7.322752,0.001068
15:27:34.733146,615,7.333636,0.000526
15:27:34.744012,616,7.344501,0.000528
15:27:34.755517,617,7.356006,0.000865
15:27:34.767889,618,7.368379,0.001769
15:27:34.779881,619,7.380371,0.001320
15:27:34.792099,620,7.392589,0.001303
15:27:34.804231,621,7.404721,0.001274
15:27:34.816375,622,7.416864,0.001283
15:27:34.830642,623,7.431132,0.003450
15:27:34.843331,624,7.443820,0.001897
15:27:34.856762,625,7.457252,0.002331
15:27:34.869309,626,7.469799,0.001841
15:27:34.881582,627,7.482071,0.001661
15:27:34.893925,628,7.494415,0.001759
15:27:34.906948,629,7.507437,0.001751
15:27:34.919665,630,7.520154,0.002013
15:27:34.932001,631,7.532490,0.001902
15:27:34.944231,632,7.544720,0.001250
15:27:34.955984,633,7.556473,0.001311
15:27:34.968324,634,7.568814,0.001886
15:27:34.980370,635,7.580860,0.001389
15:27:34.992211,636,7.592700,0.001286
15:27:35.004431,637,7.604920,0.001817
15:27:35.017441,638,7.617931,0.001936
15:27:35.029898,639,7.630388,0.001223
15:27:35.042500,640,7.642989,0.001913
15:27:35.054356,641,7.654845,0.001311
15:27:35.066854,642,7.667344,0.001907
15:27:35.079754,643,7.680243,0.002315
15:27:35.091685,644,7.692174,0.001396
15:27:35.103490,645,7.703979,0.001281
15:27:35.116368,646,7.716857,0.002352
15:27:35.129223,647,7.729712,0.002246
15:27:35.141921,648,7.742410,0.002134
15:27:35.154609,649,7.755099,0.002145
15:27:35.165944,650,7.766433,0.000711
15:27:35.176923,651,7.777413,0.000651
15:27:35.188299,652,7.788789,0.000818
15:27:35.199704,653,7.800194,0.000543
15:27:35.211271,654,7.811760,0.000852
15:27:35.222750,655,7.823240,0.000929
15:27:35.234955,656,7.835444,0.001493
15:27:35.246879,657,7.847368,0.001344
15:27:35.259670,658,7.860159,0.001928
15:27:35.272233,659,7.872723,0.001987
15:27:35.284279,660,7.884768,0.001272
15:27:35.296215,661,7.896704,0.001314
15:27:35.308370,662,7.908859,0.001255
15:27:35.320337,663,7.920826,0.001373
15:27:35.332392,664,7.932882,0.001358
15:27:35.345002,665,7.945492,0.001657
15:27:35.356270,666,7.956759,0.000667
15:27:35.368633,667,7.969122,0.001693
15:27:35.381714,668,7.982203,0.001802
15:27:35.394556,669,7.995045,0.001903
15:27:35.407079,670,8.007569,0.001620
15:27:35.419174,671,8.019664,0.001258
15:27:35.431355,672,8.031845,0.001585
15:27:35.442678,673,8.043168,0.000721
15:27:35.453674,674,8.054163,0.000564
15:27:35.465059,675,8.065548,0.001008
15:27:35.477229,676,8.077718,0.001693
15:27:35.488666,677,8.089155,0.001030
15:27:35.500869,678,8.101358,0.001728
15:27:35.513278,679,8.113767,0.001804
15:27:35.526940,680,8.127429,0.001985
15:27:35.539778,681,8.140268,0.001891
15:27:35.552927,682,8.153417,0.002224
15:27:35.565392,683,8.165881,0.001719
15:27:35.576734,684,8.177223,0.000736
15:27:35.589024,685,8.189513,0.001575
15:27:35.602473,686,8.202962,0.001992
15:27:35.615514,687,8.216004,0.002353
15:27:35.628046,688,8.228535,0.001947
15:27:35.639453,689,8.239943,0.000761
15:27:35.650397,690,8.250886,0.000647
15:27:35.661536,691,8.262026,0.000733
15:27:35.672625,692,8.273114,0.000484
15:27:35.683540,693,8.284029,0.000546
15:27:35.694375,694,8.294865,0.000510
15:27:35.705326,695,8.305815,0.000633
15:27:35.715955,696,8.316445,0.000461
15:27:35.726644,697,8.327134,0.000521
15:27:35.737174,698,8.337664,0.000376
15:27:35.747741,699,8.348231,0.000403
15:27:35.758234,700,8.358724,0.000332
15:27:35.768712,701,8.369201,0.000302
15:27:35.779453,702,8.379943,0.000578
15:27:35.790262,703,8.390752,0.000565
15:27:35.801083,704,8.401572,0.000585
15:27:35.811882,705,8.412371,0.000573
15:27:35.823457,706,8.423947,0.001330
15:27:35.836070,707,8.436559,0.002060
15:27:35.848292,708,8.448781,0.001763
15:27:35.861372,709,8.461862,0.001902
15:27:35.873517,710,8.474007,0.001632
15:27:35.885945,711,8.486434,0.001972
15:27:35.898963,712,8.499453,0.001676
15:27:35.911735,713,8.512224,0.001996
15:27:35.922760,714,8.523249,0.000580
15:27:35.933707,715,8.534197,0.000506
15:27:35.946094,716,8.546584,0.001985
15:27:35.958517,717,8.559006,0.001925
15:27:35.971410,718,8.571899,0.001844
15:27:35.984136,719,8.584625,0.002037
15:27:35.996367,720,8.596857,0.001395
15:27:36.008325,721,8.608814,0.001216
15:27:36.020174,722,8.620663,0.001262
15:27:36.033462,723,8.633951,0.001943
15:27:36.046231,724,8.646721,0.002102
15:27:36.057447,725,8.657937,0.000534
15:27:36.068145,726,8.668634,0.000521
15:27:36.078810,727,8.679300,0.000485
15:27:36.089544,728,8.690033,0.000531
15:27:36.100498,729,8.700988,0.000480
15:27:36.111407,730,8.711896,0.000710
15:27:36.122170,731,8.722660,0.000573
15:27:36.133503,732,8.733993,0.000840
15:27:36.144754,733,8.745244,0.000940
15:27:36.155932,734,8.756422,0.000948
15:27:36.168309,735,8.768799,0.002140
15:27:36.180387,736,8.780877,0.001556
15:27:36.192693,737,8.793183,0.001311
15:27:36.204438,738,8.804928,0.001266
15:27:36.216154,739,8.816643,0.001287
15:27:36.227859,740,8.828348,0.001268
15:27:36.240076,741,8.840565,0.001806
15:27:36.251713,742,8.852202,0.001251
15:27:36.263847,743,8.864336,0.001751
15:27:36.276168,744,8.876657,0.001719
15:27:36.288790,745,8.889280,0.001832
15:27:36.301615,746,8.902105,0.001923
15:27:36.314335,747,8.914824,0.002018
15:27:36.327114,748,8.927603,0.001881
15:27:36.340495,749,8.940984,0.002115
15:27:36.353045,750,8.953535,0.001831
15:27:36.365739,751,8.966228,0.002084
15:27:36.378120,752,8.978610,0.001777
15:27:36.390642,753,8.991132,0.001827
15:27:36.403873,754,9.004363,0.001841
15:27:36.416069,755,9.016558,0.001385
15:27:36.428493,756,9.028983,0.001784
15:27:36.439760,757,9.040250,0.000725
15:27:36.450799,758,9.051289,0.000823
15:27:36.461867,759,9.062356,0.000873
15:27:36.473481,760,9.073971,0.001293
15:27:36.484596,761,9.085086,0.000848
15:27:36.495882,762,9.096372,0.000981
15:27:36.507813,763,9.108303,0.001713
15:27:36.520435,764,9.120924,0.001896
15:27:36.533152,765,9.133641,0.002255
15:27:36.545442,766,9.145931,0.001775
15:27:36.558172,767,9.158662,0.002102
15:27:36.570837,768,9.171327,0.001800
15:27:36.582170,769,9.182660,0.000769
15:27:36.593097,770,9.193587,0.000652
15:27:36.603909,771,9.204399,0.000548
15:27:36.615856,772,9.216346,0.001196
15:27:36.628020,773,9.228509,0.001543
15:27:36.639334,774,9.239824,0.000665
15:27:36.650141,775,9.250630,0.000588
15:27:36.661161,776,9.261651,0.000533
15:27:36.672257,777,9.272747,0.000523
15:27:36.683367,778,9.283856,0.000524
15:27:36.694549,779,9.295038,0.000634
15:27:36.705602,780,9.306092,0.000524
15:27:36.716592,781,9.317081,0.000543
15:27:36.727538,782,9.328027,0.000474
15:27:36.738449,783,9.338938,0.000369
15:27:36.749537,784,9.350027,0.000555
15:27:36.760744,785,9.361233,0.000560
15:27:36.771573,786,9.372062,0.000507
15:27:36.782548,787,9.383038,0.000624
15:27:36.794089,788,9.394578,0.000780
15:27:36.805098,789,9.405587,0.000581
15:27:36.816867,790,9.417356,0.001031
15:27:36.829181,791,9.429671,0.001852
15:27:36.842340,792,9.442830,0.001935
15:27:36.854945,793,9.455435,0.001909
15:27:36.866820,794,9.467309,0.001162
15:27:36.878844,795,9.479333,0.001389
15:27:36.891552,796,9.492042,0.002049
15:27:36.904145,797,9.504634,0.001906
15:27:36.916870,798,9.517359,0.002034
15:27:36.929442,799,9.529932,0.001861
15:27:36.941831,800,9.542320,0.001796
15:27:36.953739,801,9.554229,0.001270
15:27:36.965652,802,9.566142,0.001266
15:27:36.977616,803,9.578105,0.001284
15:27:36.989753,804,9.590242,0.001519
15:27:37.002032,805,9.602521,0.001758
15:27:37.014046,806,9.614536,0.001433
15:27:37.026441,807,9.626930,0.001817
15:27:37.039139,808,9.639628,0.001923
15:27:37.052367,809,9.652857,0.001926
15:27:37.065197,810,9.665687,0.001717
15:27:37.077528,811,9.678018,0.001359
15:27:37.089734,812,9.690223,0.001298
15:27:37.101886,813,9.702376,0.001229
15:27:37.113220,814,9.713710,0.000838
15:27:37.124902,815,9.725391,0.001375
15:27:37.136827,816,9.737317,0.001325
15:27:37.148714,817,9.749203,0.001226
15:27:37.161034,818,9.761523,0.001773
15:27:37.173707,819,9.774197,0.001803
15:27:37.185899,820,9.786389,0.001253
15:27:37.198189,821,9.798679,0.001664
15:27:37.210486,822,9.810976,0.001858
15:27:37.222814,823,9.823303,0.001948
15:27:37.235805,824,9.836295,0.001973
15:27:37.248702,825,9.849191,0.001803
15:27:37.260968,826,9.861458,0.001721
15:27:37.273571,827,9.874061,0.002137
15:27:37.286953,828,9.887443,0.002170
15:27:37.299221,829,9.899711,0.001688
15:27:37.311568,830,9.912058,0.001754
15:27:37.323504,831,9.923994,0.001406
15:27:37.335254,832,9.935744,0.001353
15:27:37.347759,833,9.948248,0.001826
15:27:37.359711,834,9.960201,0.001276
15:27:37.372451,835,9.972940,0.001944
15:27:37.385027,836,9.985517,0.001737
15:27:37.398020,837,9.998510,0.001903
15:27:37.410654,838,10.011143,0.001960
